PSG_DATE;PSG_DEVICE;PSG_TRANSACTION;PL_ID;PL_EXT;OP_ID;OP_EXT;GD_ID;GD_VER;CRD_TECH;CRD_NO;CRD_SERIAL_NO;CRD_USAGE_COUNTER;CRD_TRIP_COUNTER;CRD_UNITS;IN_DATE;DT_ID;ROUTE_ID;BEGIN_TIME;VT_HASH_CODE;VT_BLANK_GD_ID;VT_SALE;TARIFF_KIND;TRN_CODE;LAYOUT_ID;SECTOR_OF_TICKET;ANTIFROD_RES;FILE_ID;CRD_REFILL_COUNTER;GD2_ID;PROLONG;CRD_DATE_BEGIN;CRD_DATE_END;LAST_SALE_DATE;THIRD_PARTY_DATA_SRC;CC_TRN_ID;PAYMENT_ID;PAYMENT_TYPE;PAYMENT_REQUEST
29.01.23 17:09:50;19547;23912;439;211;73;269;4793;636;S;1778523784;1549437878403328;95;0;0;29.01.23 17:20:15;1;;;;;;;;;;;1716035127;0;;1;;;;;;;;
29.01.23 17:09:50;47373;8036;35;210;73;6201;4793;636;S;2524683912;1563982987571456;685;0;0;29.01.23 17:20:16;2;;;;;;;;;;;1716035808;0;;1;;;;;;;;
29.01.23 17:09:51;20963;59883;458;222;73;2210;4414;636;S;25358827;1270254870749312;55;0;851,26;29.01.23 17:20:14;1;283;29.01.23 17:09:00;;4413;;1;;;;;1716034749;15;;1;;;;;;;;
29.01.23 17:09:51;26628;6664;426;212;73;8392;4414;636;S;10318189;1188817459039616;117;0;382;29.01.23 17:20:17;1;283;29.01.23 17:09:00;;4413;;1;;;;;1716036746;23;;1;;;;;;;;
29.01.23 17:09:51;35162;10247;449;206;73;6080;4831;636;S;32770290;1233758252854656;14;0;0;29.01.23 17:20:13;1;283;29.01.23 17:09:00;;4430;;;;;;;1716033637;4;;1;;;;;;;;
29.01.23 17:09:51;36080;15902;461;206;73;959;4973;636;S;39026352;1199706681406338;23;0;0;29.01.23 20:35:14;1;283;29.01.23 17:09:00;;4693;;;;;;;1716246550;2;;1;;;;;;;;
29.01.23 17:09:51;36257;3190;433;211;73;5172;4829;636;S;37650000;1135273313727362;85;0;0;29.01.23 17:20:13;1;283;29.01.23 17:09:00;;4430;;;;;;;1716034254;9;;1;;;;;;;;
29.01.23 17:09:51;45077;17724;460;213;73;2885;4793;636;S;2218445448;1561551106765056;317;0;0;29.01.23 17:22:15;1;;;;;;;;;;;1716042052;0;;1;;;;;;;;
29.01.23 17:09:51;45345;20260;426;206;73;8214;4793;636;S;3050851464;14663025759826470;14;0;0;29.01.23 17:20:12;1;;;;;;;;;;;1716033549;0;;1;;;;;;;;
29.01.23 17:09:51;45537;20639;439;211;73;269;4414;636;S;26803282;1266948821508736;11;0;408;29.01.23 17:20:16;1;283;29.01.23 17:09:00;;4413;;1;;;;;1716035702;112;;1;;;;;;;;
29.01.23 17:09:52;50505;28437;431;207;73;847;4829;636;S;18013930;1218829221910144;62;0;0;29.01.23 17:20:13;1;283;29.01.23 17:09:00;;4430;;;;;;;1716033958;2;;2;;;;;;;;
29.01.23 17:09:53;34537;23668;429;201;73;7359;4793;636;S;2313329544;1555230307414272;955;0;0;29.01.23 17:20:14;1;;;;;;;;;;;1716034584;0;;1;;;;;;;;
29.01.23 17:09:53;46032;47204;431;209;73;8391;4414;636;S;3951616651;1249342268525952;52;0;356;29.01.23 17:20:17;1;283;29.01.23 17:09:00;;4423;;1;;;;;1716036513;6;;1;;;;;;;;
29.01.23 17:09:53;47373;8038;35;210;73;6201;4967;636;S;3298797448;14656060661026278;6;0;0;29.01.23 17:20:16;2;283;29.01.23 17:09:00;;4672;;;;;;;1716035808;1;;1;;;;;;;;
29.01.23 17:09:54;18453;25899;431;207;73;847;4829;636;S;29517837;1174535751820416;74;0;0;29.01.23 17:20:13;1;283;29.01.23 17:09:00;;4430;;;;;;;1716034144;2;;1;;;;;;;;
29.01.23 17:09:54;20970;45982;458;202;73;3019;4831;636;S;36280494;1300836248482178;125;0;0;29.01.23 17:20:15;1;283;29.01.23 17:09:00;;4430;;;;;;;1716035512;4;;1;;;;;;;;
29.01.23 17:09:54;21278;59152;451;206;73;5349;4989;636;S;2321044689;1549513571045888;36;0;0;29.01.23 17:22:09;1;283;29.01.23 17:09:00;;1513;;;;;;;1716038173;16;;1;;;;;;;;
29.01.23 17:09:54;49590;7346;433;208;73;5963;4793;636;S;3212764552;14658270425202182;162;0;0;29.01.23 17:20:12;1;;;;;;;;;;;1716033324;0;;1;;;;;;;;
29.01.23 17:09:55;984;30356;454;208;73;1371;4953;636;S;2529803656;1553950473556224;4;0;0;29.01.23 17:20:07;1;283;29.01.23 17:09:00;;4665;;;;;;;1716031102;21;;2;;;;;;;;
29.01.23 17:09:55;26628;6665;426;212;73;8392;4414;636;S;3931281862;1191922854683008;102;0;56;29.01.23 17:20:17;1;283;29.01.23 17:09:00;;4423;;1;;;;;1716036746;24;;1;;;;;;;;
29.01.23 17:09:55;34774;7091;449;206;73;6080;4414;636;S;3931483820;1196698591651456;110;0;132;29.01.23 17:22:12;1;238;29.01.23 16:28:00;;4423;;1;;;;;1716040269;38;;;;;;;;;;
29.01.23 17:09:55;45007;19037;447;210;73;938;4829;636;S;3932075481;1187680236693888;54;0;0;29.01.23 17:20:08;1;283;29.01.23 17:09:00;;4474;;;;;;;1716031199;16;;1;;;;;;;;
29.01.23 17:09:55;46032;47205;431;209;73;8391;4831;636;S;841055;1168006595749760;121;0;0;29.01.23 17:20:17;1;283;29.01.23 17:09:00;;4430;;;;;;;1716036513;24;;1;;;;;;;;
29.01.23 17:09:55;50557;8783;447;210;73;938;4414;636;S;3949283;1210654547258752;86;0;81;29.01.23 17:22:13;1;42;29.01.23 16:41:00;;4413;;1;;;;;1716040895;45;;;;;;;;;;
29.01.23 17:09:56;944;46491;454;208;73;1371;4820;636;S;3901343906;2436015703;0;0;0;29.01.23 17:20:13;1;;29.01.23 17:09:56;F8BAF238B990F6B9F90F38891DD018913CB136D63B395073C43542790B2A8489;;;1;61;;;;1716034249;0;;;;;29.01.23 17:09:56;;94429012023170956cfc1cd3ff0bv103;;0;0
29.01.23 17:09:56;16745;14761;450;213;73;3483;4820;636;S;3911582246;13485198;0;0;0;29.01.23 17:20:15;1;;29.01.23 17:09:56;0F7A6E707506D8CAC9FC84B587DE064EB60457CB0EB4AFFC5CE61D1798380728;;;1;61;;;;1716035148;0;;;;;29.01.23 17:09:56;;1674529012023170956dc83cdff6v103;;0;0
29.01.23 17:09:56;34220;13384;449;206;73;6080;4793;636;S;1506192776;1557760551014400;777;0;0;29.01.23 17:20:12;1;;;;;;;;;;;1716032929;0;;1;;;;;;;;
29.01.23 17:09:56;36080;15903;461;206;73;959;4793;636;S;1882926984;1562596116467968;2413;0;0;29.01.23 20:35:14;1;;;;;;;;;;;1716246550;0;;1;;;;;;;;
29.01.23 17:09:56;45344;6698;439;203;73;8532;4973;636;S;14742023;1145896645382528;80;0;0;29.01.23 17:22:13;1;283;29.01.23 17:09:00;;4693;;;;;;;1716040576;32;;1;;;;;;;;
29.01.23 17:09:56;45397;14782;439;214;73;8729;4833;636;S;10788386;1164874757001088;109;0;0;29.01.23 17:20:13;1;283;29.01.23 17:09:00;;4430;;;;;;;1716034161;15;;1;;;;;;;;
29.01.23 17:09:56;45579;26259;427;205;73;9059;4793;636;S;2881769352;1563392153039360;86;0;0;29.01.23 17:20:14;1;;;;;;;;;;;1716034694;0;;1;;;;;;;;
29.01.23 17:09:56;45590;7189;431;207;73;847;4642;636;S;12059028;14815664325794326;25;0;0;29.01.23 17:20:08;1;;;;;;;;;;;1716031466;;;1;;;;;;;;
29.01.23 17:09:56;45993;19745;447;210;73;938;4793;636;S;2826340744;1565083056464128;617;0;0;29.01.23 17:20:11;1;;;;;;;;;;;1716032307;0;;1;;;;;;;;
29.01.23 17:09:56;50651;24954;428;201;73;2422;4414;636;S;43030156;14658271231845382;78;0;283;29.01.23 17:20:15;1;1344;29.01.23 16:52:00;;4413;;1;;;;;1716035235;11;;;;;;;;;;
29.01.23 17:09:57;35162;10248;449;206;73;6080;4953;636;S;3247184264;14656067238979558;4;0;0;29.01.23 17:20:13;1;283;29.01.23 17:09:00;;4665;;;;;;;1716033637;3;;2;;;;;;;;
29.01.23 17:09:57;36016;26346;445;204;73;3754;4829;636;S;15469188;1226219518514048;4;0;0;29.01.23 17:20:07;1;283;29.01.23 17:09:00;;4430;;;;;;;1716031044;10;;1;;;;;;;;
29.01.23 17:09:57;36776;28347;433;207;73;4195;4820;636;S;3911468003;2419990414;0;0;0;29.01.23 17:20:11;1;;29.01.23 17:09:57;58331E0586E533F17DD610F0612D0110A7C8BC3204535A75282F2D5CE96E47C1;;;1;61;;;;1716032288;0;;;;;29.01.23 17:09:57;;367762901202317095701c4df421v104;;0;0
29.01.23 17:09:57;45579;26261;427;205;73;9059;4793;636;S;2986427528;1561463871570176;448;0;0;29.01.23 17:20:14;1;;;;;;;;;;;1716034694;0;;1;;;;;;;;
29.01.23 17:09:57;45591;25798;439;214;73;8729;4793;636;S;2424377480;1560453682082048;1999;0;0;29.01.23 17:22:12;1;;;;;;;;;;;1716040372;0;;1;;;;;;;;
29.01.23 17:09:57;50557;8784;447;210;73;938;4642;636;S;12013152;14815663922963223;35;0;0;29.01.23 17:22:13;1;;;;;;;;;;;1716040895;;;1;;;;;;;;
29.01.23 17:09:58;21046;13368;456;111;73;302;4793;636;S;1652641160;1564394551242752;2196;0;0;29.01.23 17:22:11;1;;;;;;;;;;;1716039526;0;;1;;;;;;;;
29.01.23 17:09:58;45007;19038;447;210;73;938;4989;636;S;2321052727;1559117386355200;39;0;0;29.01.23 17:20:08;1;283;29.01.23 17:09:00;;1513;;;;;;;1716031199;16;;1;;;;;;;;
29.01.23 17:09:58;45215;6562;460;212;73;5321;4989;636;S;2322101820;14663025352814118;54;0;0;29.01.23 17:20:07;2;283;29.01.23 17:09:00;;1513;;;;;;;1716031090;4;;1;;;;;;;;
29.01.23 17:09:58;45590;7190;431;207;73;847;4793;636;S;2373849736;1563169472020736;1031;0;0;29.01.23 17:20:08;1;;;;;;;;;;;1716031466;0;;1;;;;;;;;
29.01.23 17:09:58;45993;19747;447;210;73;938;4642;636;S;12013174;14815663924883991;38;0;0;29.01.23 17:20:11;1;;;;;;;;;;;1716032307;;;1;;;;;;;;
29.01.23 17:09:58;63837;3737;442;203;73;812;4829;636;S;35603897;1317632919760770;58;0;0;30.01.23 04:55:07;1;283;29.01.23 17:09:00;;4430;;;;;;;1716386279;10;;1;;;;;;;;
29.01.23 17:09:59;18591;10151;447;210;73;938;4793;636;S;1505818760;1554344995049472;422;0;0;29.01.23 17:20:17;1;;;;;;;;;;;1716036580;0;;1;;;;;;;;
29.01.23 17:09:59;21178;2246;451;206;73;5349;4957;636;S;2868293512;1560284845707776;49;0;0;29.01.23 17:20:14;1;283;29.01.23 17:09:00;;4656;;;;;;;1716034973;3;;1;;;;;;;;
29.01.23 17:09:59;45007;19039;447;210;73;938;4985;636;S;1622010562;1564342639460608;11;0;0;29.01.23 17:20:08;1;283;29.01.23 17:09:00;;1519;;;;;;;1716031199;6;;2;;;;;;;;
29.01.23 17:09:59;45352;40225;427;204;73;7773;4414;636;S;44250540;14656062681784038;7;0;145;29.01.23 17:20:10;1;283;29.01.23 17:09:00;;4413;;1;;;;;1716031812;1;;1;;;;;;;;
29.01.23 17:09:59;45515;41519;447;204;73;8891;4829;636;S;38962343;1272450945479810;20;0;0;29.01.23 17:20:12;1;283;29.01.23 17:09:00;;4430;;;;;;;1716033488;1;;1;;;;;;;;
29.01.23 17:10:00;19559;11079;443;215;73;3210;4414;636;S;35339169;1196832546451586;5;0;34;29.01.23 17:20:14;1;283;29.01.23 17:10:00;;4413;;1;;;;;1716034446;2;;1;;;;;;;;
29.01.23 17:10:00;19575;20416;439;214;73;8729;4414;636;S;594637;1225350450064768;41;0;81;29.01.23 17:20:08;1;462;29.01.23 16:07:00;;4413;;1;;;;;1716031169;65;;;;;;;;;;
29.01.23 17:10:00;21254;12967;458;223;73;5145;4793;636;S;2260585352;1559070796706048;929;0;0;29.01.23 17:20:14;1;;;;;;;;;;;1716034407;0;;1;;;;;;;;
29.01.23 17:10:00;34657;17611;26;201;73;542;4793;636;S;3285391496;14656060663970278;88;0;0;29.01.23 17:22:13;1;;;;;;;;;;;1716040749;0;;1;;;;;;;;
29.01.23 17:10:00;45007;19040;447;210;73;938;4794;636;S;9486762;23429837931675649;259;0;0;29.01.23 17:20:08;1;;;;;;;;;;;1716031199;0;;1;;;;;;;;
29.01.23 17:10:00;45579;26262;427;205;73;9059;4793;636;S;2769022856;1548501554356480;364;0;0;29.01.23 17:20:14;1;;;;;;;;;;;1716034694;0;;1;;;;;;;;
29.01.23 17:10:00;45993;19748;447;210;73;938;4829;636;S;30390886;1249155981140608;55;0;0;29.01.23 17:20:11;1;283;29.01.23 17:09:00;;4430;;;;;;;1716032307;4;;1;;;;;;;;
29.01.23 17:10:00;47056;14013;460;212;73;5321;4989;636;S;2322005889;1558073034010624;26;0;0;29.01.23 17:22:11;2;283;29.01.23 17:09:00;;1513;;;;;;;1716039142;10;;2;;;;;;;;
29.01.23 17:10:00;50557;8785;447;210;73;938;4829;636;S;34822328;1136170954289026;82;0;0;29.01.23 17:22:13;1;283;29.01.23 17:09:00;;4430;;;;;;;1716040895;3;;1;;;;;;;;
29.01.23 17:10:01;17378;63459;436;207;73;955;4414;636;S;32881489;1172482226481536;99;0;151;29.01.23 17:22:09;1;283;29.01.23 17:10:00;;4413;;1;;;;;1716037781;85;;1;;;;;;;;
29.01.23 17:10:01;18591;10153;447;210;73;938;4829;636;S;23321791;1195778525584768;75;0;0;29.01.23 17:20:17;1;283;29.01.23 17:10:00;;4430;;;;;;;1716036580;18;;1;;;;;;;;
29.01.23 17:10:01;19185;35068;450;203;73;755;4793;636;S;2697181832;1563695810076928;1019;0;0;29.01.23 17:20:16;1;;;;;;;;;;;1716036275;0;;1;;;;;;;;
29.01.23 17:10:01;19287;20451;436;208;73;3203;4975;636;S;6154760;1231638954915200;15;0;0;29.01.23 17:20:14;1;283;29.01.23 17:10:00;;4693;;;;;;;1716034870;2;;1;;;;;;;;
29.01.23 17:10:01;34537;23669;429;201;73;7359;4820;636;S;3905841018;4158659201;0;0;0;29.01.23 17:20:14;1;;29.01.23 17:10:01;432EDAE590A51D4AA4F114D3D0622B890D6FD1CD69AAEA8ABD61A7FB54BCB8EE;;;1;61;;;;1716034584;0;;;;;29.01.23 17:10:01;;3453729012023171001a8b1dc31cv102;;0;0
29.01.23 17:10:01;45359;8019;447;204;73;8891;4829;636;S;37692123;1234139706126466;18;0;0;29.01.23 17:20:15;1;283;29.01.23 17:10:00;;4430;;;;;;;1716035301;1;;1;;;;;;;;
29.01.23 17:10:01;45534;25163;431;207;73;847;4829;636;S;3911773071;1150392666911874;112;0;0;29.01.23 17:20:16;1;283;29.01.23 17:10:00;;4474;;;;;;;1716036090;42;;1;;;;;;;;
29.01.23 17:10:02;21178;2247;451;206;73;5349;4414;636;S;26101759;1250383810223232;108;0;478;29.01.23 17:20:14;1;283;29.01.23 17:10:00;;4413;;1;;;;;1716034973;7;;1;;;;;;;;
29.01.23 17:10:02;36709;4843;460;210;73;6141;4829;636;S;43702455;14656062671194342;81;0;0;29.01.23 17:20:08;2;283;29.01.23 17:10:00;;4430;;;;;;;1716031250;2;;1;;;;;;;;
29.01.23 17:10:02;36724;22419;460;206;73;6631;4793;636;S;2659017352;1552078758797568;807;0;0;29.01.23 17:20:18;2;;;;;;;;;;;1716036840;0;;1;;;;;;;;
29.01.23 17:10:02;45226;18162;447;210;73;938;4793;636;S;3030132104;1565546270646784;69;0;0;29.01.23 17:20:10;1;;;;;;;;;;;1716031731;0;;1;;;;;;;;
29.01.23 17:10:02;45372;28214;439;203;73;8532;4795;636;S;1570773128;1565519554142208;1421;0;0;29.01.23 17:20:11;1;;;;;;;;;;;1716032264;0;;1;;;;;;;;
29.01.23 17:10:02;45525;24918;439;203;73;8532;4793;636;S;2732150152;1550208242540800;622;0;0;29.01.23 17:20:13;1;;;;;;;;;;;1716033845;0;;1;;;;;;;;
29.01.23 17:10:02;45543;22556;439;214;73;8729;4793;636;S;1803907720;1564060896788736;623;0;0;29.01.23 17:20:13;1;;;;;;;;;;;1716034046;0;;1;;;;;;;;
29.01.23 17:10:02;45993;19749;447;210;73;938;4793;636;S;2757765000;1549030096101632;330;0;0;29.01.23 17:20:11;1;;;;;;;;;;;1716032307;0;;1;;;;;;;;
29.01.23 17:10:02;49372;6073;442;208;73;516;4793;636;S;1509478280;1553173023670272;1613;0;0;29.01.23 17:22:14;1;;;;;;;;;;;1716041398;0;;1;;;;;;;;
29.01.23 17:10:02;50557;8786;447;210;73;938;4458;636;S;2000682;1246888914463616;113;0;0;29.01.23 17:22:13;1;283;29.01.23 17:10:00;;4430;;;;;;;1716040895;10;;1;;;;;;;;
29.01.23 17:10:03;21311;30152;458;212;73;3268;4793;636;S;1820596360;1557779746128128;1112;0;0;29.01.23 17:20:11;1;;;;;;;;;;;1716032749;0;;1;;;;;;;;
29.01.23 17:10:03;45009;19852;427;207;73;3970;4414;636;S;26033509;1175888666976384;77;0;384;29.01.23 17:20:14;1;283;29.01.23 17:10:00;;4413;;1;;;;;1716034463;287;;1;;;;;;;;
29.01.23 17:10:03;45254;13933;447;210;73;938;4414;636;S;22904262;1162720436641152;100;0;252,76;29.01.23 17:20:11;1;42;29.01.23 16:42:00;;4413;;1;;;;;1716032495;124;;;;;;;;;;
29.01.23 17:10:03;45358;44712;439;203;73;8532;4793;636;S;2374783112;1559377198289152;316;0;0;29.01.23 17:20:12;1;;;;;;;;;;;1716033322;0;;1;;;;;;;;
29.01.23 17:10:03;49316;12374;436;207;73;955;4831;636;S;2883181;1251685849641600;64;0;0;29.01.23 17:20:15;1;283;29.01.23 17:10:00;;4430;;;;;;;1716035013;35;;1;;;;;;;;
29.01.23 17:10:03;50557;8787;447;210;73;938;4831;636;S;25522402;1266811114710656;0;0;0;29.01.23 17:22:13;1;283;29.01.23 17:10:00;;4430;;;;;;;1716040895;4;;1;;;;;;;;
29.01.23 17:10:03;63837;3738;442;203;73;812;4829;636;S;32436347;1207399906897024;109;0;0;30.01.23 04:55:07;1;283;29.01.23 17:10:00;;4430;;;;;;;1716386279;21;;1;;;;;;;;
29.01.23 17:10:04;7159;46847;451;801;73;1511;4953;636;S;3078677640;14658264517204998;48;0;0;29.01.23 17:20:08;1;283;29.01.23 17:10:00;;4665;;;;;;;1716031382;4;;1;;;;;;;;
29.01.23 17:10:04;19254;54916;437;209;73;9221;4831;636;S;41045109;1298111891902610;79;0;0;29.01.23 17:22:08;1;283;29.01.23 17:10:00;;4430;;;;;;;1716037271;2;;1;;;;;;;;
29.01.23 17:10:04;45007;19042;447;210;73;938;4640;636;S;12604023;1266969757241728;0;32;0;29.01.23 17:20:08;1;283;29.01.23 17:10:00;;4430;;;;;;;1716031199;1;;1;;;;;;;;
29.01.23 17:10:04;45372;28216;439;203;73;8532;4795;636;S;1570773128;1565519554142208;1422;0;0;29.01.23 17:20:11;1;;;;;;;;;;;1716032264;0;;1;;;;;;;;
29.01.23 17:10:04;45502;4295;427;211;73;931;4793;636;S;3029165192;1553143210402304;426;0;0;29.01.23 17:20:12;1;;;;;;;;;;;1716033467;0;;1;;;;;;;;
29.01.23 17:10:04;45957;19895;437;209;73;9221;4829;636;S;30263237;1206469376436608;69;0;0;29.01.23 17:20:13;1;283;29.01.23 17:10:00;;4430;;;;;;;1716033892;5;;2;;;;;;;;
29.01.23 17:10:05;7172;28837;458;214;73;3160;4829;636;S;28584743;1147261908050560;3;0;0;29.01.23 17:20:17;1;283;29.01.23 17:10:00;;4430;;;;;;;1716036512;11;;1;;;;;;;;
29.01.23 17:10:05;16766;64342;450;211;73;3458;4829;636;S;40290050;1180346178867090;38;0;0;29.01.23 17:20:16;1;283;29.01.23 17:10:00;;4430;;;;;;;1716036047;6;;2;;;;;;;;
29.01.23 17:10:05;18591;10154;447;210;73;938;4829;636;S;42392925;14658270965127430;27;0;0;29.01.23 17:20:17;1;283;29.01.23 17:10:00;;4430;;;;;;;1716036580;1;;1;;;;;;;;
29.01.23 17:10:05;21163;35279;458;811;73;4217;4973;636;S;18131373;1273413155968640;68;0;0;29.01.23 17:20:13;1;283;29.01.23 17:10:00;;4693;;;;;;;1716033626;2;;1;;;;;;;;
29.01.23 17:10:05;45344;6699;439;203;73;8532;4793;636;S;3324808840;14656067231185638;26;0;0;29.01.23 17:22:13;1;;;;;;;;;;;1716040576;0;;1;;;;;;;;
29.01.23 17:10:05;45465;15965;427;205;73;9059;4414;636;S;3911088840;1241656840185216;88;0;391;29.01.23 17:22:07;1;283;29.01.23 17:10:00;;4423;;1;;;;;1716037252;15;;1;;;;;;;;
29.01.23 17:10:05;45579;26264;427;205;73;9059;4829;636;S;34761339;1256447763771010;29;0;0;29.01.23 17:20:14;1;283;29.01.23 17:10:00;;4430;;;;;;;1716034694;1;;1;;;;;;;;
29.01.23 17:10:05;45993;19751;447;210;73;938;4793;636;S;2224755848;1565628933890304;1649;0;0;29.01.23 17:20:11;1;;;;;;;;;;;1716032307;0;;1;;;;;;;;
29.01.23 17:10:05;49322;5356;7304;210;73;9121;4953;636;S;3014503048;1565489077117440;86;0;0;29.01.23 17:22:09;1;283;29.01.23 17:10:00;;4665;;;;;;;1716037701;11;;2;;;;;;;;
29.01.23 17:10:05;52494;15123;461;215;73;3161;4414;636;S;36831761;1191434578588290;34;0;92;29.01.23 17:20:14;1;283;29.01.23 17:10:00;;4413;;1;;;;;1716034647;191;;1;;;;;;;;
29.01.23 17:10:06;17378;63460;436;207;73;955;4833;636;S;3932083703;1280022432607616;7;0;0;29.01.23 17:22:09;1;283;29.01.23 17:10:00;;4474;;;;;;;1716037781;23;;2;;;;;;;;
29.01.23 17:10:06;19254;54917;437;209;73;9221;4831;636;S;28599180;1289915762434688;78;0;0;29.01.23 17:22:08;1;283;29.01.23 17:10:00;;4430;;;;;;;1716037271;10;;1;;;;;;;;
29.01.23 17:10:06;36095;20027;433;211;73;5172;4414;636;S;8071648;1146026302256256;72;0;107,26;29.01.23 17:22:14;1;283;29.01.23 17:10:00;;4413;;1;;;;;1716041438;67;;1;;;;;;;;
29.01.23 17:10:06;45226;18163;447;210;73;938;4793;636;S;3033890952;1551325776113920;428;0;0;29.01.23 17:20:10;1;;;;;;;;;;;1716031731;0;;1;;;;;;;;
29.01.23 17:10:06;45525;24920;439;203;73;8532;4829;636;S;16091473;1210775755641728;66;0;0;29.01.23 17:20:13;1;283;29.01.23 17:10:00;;4430;;;;;;;1716033845;14;;1;;;;;;;;
29.01.23 17:10:06;45859;27664;450;207;73;1224;4793;636;S;1907363464;1561683687575808;2273;0;0;29.01.23 17:20:10;1;;;;;;;;;;;1716031851;0;;1;;;;;;;;
29.01.23 17:10:06;49262;3832;437;209;73;9221;4831;636;S;39025331;1270145757180802;72;0;0;29.01.23 17:22:08;1;283;29.01.23 17:10:00;;4430;;;;;;;1716037429;4;;1;;;;;;;;
29.01.23 17:10:06;50557;8788;447;210;73;938;4829;636;S;43563074;14656060931537126;53;0;0;29.01.23 17:22:13;1;283;29.01.23 17:10:00;;4430;;;;;;;1716040895;1;;1;;;;;;;;
29.01.23 17:10:07;45579;26265;427;205;73;9059;4793;636;S;3016231816;1553301050450432;421;0;0;29.01.23 17:20:14;1;;;;;;;;;;;1716034694;0;;1;;;;;;;;
29.01.23 17:10:07;45993;19753;447;210;73;938;4793;636;S;2401361032;1558932383961344;1064;0;0;29.01.23 17:20:11;1;;;;;;;;;;;1716032307;0;;1;;;;;;;;
29.01.23 17:10:08;35942;4819;26;201;73;542;4793;636;S;1421253512;1560254585880576;3759;0;0;29.01.23 17:20:13;1;;;;;;;;;;;1716034131;0;;1;;;;;;;;
29.01.23 17:10:08;45372;28218;439;203;73;8532;4793;636;S;2042344584;1564904141508864;3405;0;0;29.01.23 17:20:11;1;;;;;;;;;;;1716032264;0;;1;;;;;;;;
29.01.23 17:10:08;49316;12375;436;207;73;955;4820;636;S;3901179174;45109229878866010;0;0;0;29.01.23 17:20:15;1;;29.01.23 17:10:08;C8C7ADF0882B83E52716C6EEFAEFCB7926C7D9B95ED297B0AB17B1D195632BBA;;;1;61;;;;1716035013;0;;;;;29.01.23 17:10:08;;4931629012023171008c7a42efb5v103;;0;0
29.01.23 17:10:09;4700;38359;453;206;73;4872;4414;636;S;8039141;1151415949276288;41;0;88;29.01.23 17:20:15;1;283;29.01.23 17:10:00;;4413;;1;;;;;1716035042;3;;1;;;;;;;;
29.01.23 17:10:09;6290;51257;458;214;73;3160;4793;636;S;2110515848;1562892033089792;495;0;0;29.01.23 17:20:13;1;;;;;;;;;;;1716034059;0;;1;;;;;;;;
29.01.23 17:10:09;34776;26419;438;801;73;7193;4414;636;S;15926268;1146048316855168;115;0;35;29.01.23 17:20:11;1;283;29.01.23 17:10:00;;4413;;1;;;;;1716032336;57;;1;;;;;;;;
29.01.23 17:10:09;45254;13934;447;210;73;938;4793;636;S;2256241544;1553349631832320;637;0;0;29.01.23 17:20:11;1;;;;;;;;;;;1716032495;0;;1;;;;;;;;
29.01.23 17:10:09;45345;20261;426;206;73;8214;4953;636;S;3293923720;14656062801916646;8;0;0;29.01.23 17:20:12;1;283;29.01.23 17:10:00;;4665;;;;;;;1716033549;2;;1;;;;;;;;
29.01.23 17:10:09;45358;44714;439;203;73;8532;4414;636;S;30523658;1227509748621952;4;0;35;29.01.23 17:20:12;1;283;29.01.23 17:10:00;;4413;;1;;;;;1716033322;14;;1;;;;;;;;
29.01.23 17:10:09;53120;6331;35;120;73;560;4793;636;S;2188534664;1548948321100032;979;0;0;29.01.23 17:20:08;2;;;;;;;;;;;1716031249;0;;1;;;;;;;;
29.01.23 17:10:09;63696;2993;436;210;73;1158;4829;636;S;13386522;1250318841106304;13;0;0;29.01.23 17:20:17;1;283;29.01.23 17:10:00;;4430;;;;;;;1716036461;22;;1;;;;;;;;
29.01.23 17:10:10;7172;28838;458;214;73;3160;4829;636;S;28586433;1290211030820224;4;0;0;29.01.23 17:20:17;1;283;29.01.23 17:10:00;;4430;;;;;;;1716036512;11;;1;;;;;;;;
29.01.23 17:10:10;35162;10249;449;206;73;6080;4414;636;S;996804;1185720117834624;18;0;103,5;29.01.23 17:20:13;1;462;29.01.23 15:51:00;;4413;;1;;;;;1716033637;9;;;;;;;;;;
29.01.23 17:10:10;45226;18164;447;210;73;938;4793;636;S;3230697864;14658269757883910;112;0;0;29.01.23 17:20:10;1;;;;;;;;;;;1716031731;0;;1;;;;;;;;
29.01.23 17:10:10;45254;13936;447;210;73;938;4414;636;S;20847377;1191984992181632;21;0;176;29.01.23 17:20:11;1;283;29.01.23 17:10:00;;4413;;1;;;;;1716032495;112;;1;;;;;;;;
29.01.23 17:10:10;47410;6852;26;201;73;542;4793;636;S;3042533768;1560485155004928;23;0;0;29.01.23 17:22:09;1;;;;;;;;;;;1716037725;0;;1;;;;;;;;
29.01.23 17:10:11;18591;10155;447;210;73;938;4820;636;S;3910517102;1043925512;0;0;0;29.01.23 17:20:17;1;;29.01.23 17:10:11;F7828674964CF42F0A4116DB04495F88D586AA1FB2AD2D117D0E930BE9914328;;;1;61;;;;1716036580;0;;;;;29.01.23 17:10:11;;18591290120231710113a28e6facv102;;0;0
29.01.23 17:10:11;21178;2248;451;206;73;5349;4987;636;S;1618205599;1563700106887424;61;0;0;29.01.23 17:20:14;1;283;29.01.23 17:10:00;;1519;;;;;;;1716034973;2;;1;;;;;;;;
29.01.23 17:10:11;21250;28049;454;205;73;3275;4989;636;S;2322039403;14663025212553766;57;0;0;29.01.23 17:20:10;1;283;29.01.23 17:10:00;;1513;;;;;;;1716031651;6;;2;;;;;;;;
29.01.23 17:10:11;36078;12294;35;218;73;3023;4829;636;S;3951196557;1198839903505536;11;0;0;29.01.23 17:20:08;1;283;29.01.23 17:10:00;;4474;;;;;;;1716031458;36;;1;;;;;;;;
29.01.23 17:10:11;36642;25361;35;219;73;584;4829;636;S;42512802;14658269616781574;76;0;0;29.01.23 17:22:08;1;283;29.01.23 17:10:00;;4430;;;;;;;1716037453;1;;1;;;;;;;;
29.01.23 17:10:11;45734;29294;447;811;73;428;4820;636;S;3901474278;2448477073;0;0;0;29.01.23 17:20:16;1;;29.01.23 17:10:11;7BD27284B30335D0588602228801A030C3F9C2F729C0F4C6E365F13ABC647CB8;;;1;61;;;;1716035718;0;;;;;29.01.23 17:10:11;;457342901202317101110721e887v103;;0;0
29.01.23 17:10:11;50569;24942;427;207;73;3970;4793;636;S;2309177736;1555452741189888;238;0;0;29.01.23 17:22:14;1;;;;;;;;;;;1716041815;0;;1;;;;;;;;
29.01.23 17:10:12;14070;15543;437;209;73;9221;4829;636;S;21622883;1218350857346432;47;0;0;29.01.23 17:22:10;1;283;29.01.23 17:10:00;;4430;;;;;;;1716038692;41;;1;;;;;;;;
29.01.23 17:10:12;16756;18636;7304;217;73;340;4829;636;S;42938670;14658264381930502;52;0;0;29.01.23 17:22:11;1;283;29.01.23 17:10:00;;4430;;;;;;;1716039211;2;;1;;;;;;;;
29.01.23 17:10:12;17504;34727;436;209;73;5164;4794;636;S;8453708;1140500821795712;839;0;0;29.01.23 17:20:15;1;;;;;;;;;;;1716035559;0;;1;;;;;;;;
29.01.23 17:10:12;49216;24105;436;209;73;5164;4793;636;S;3112588424;14656062133916902;593;0;0;29.01.23 17:22:10;1;;;;;;;;;;;1716038982;0;;1;;;;;;;;
29.01.23 17:10:13;4700;38360;453;206;73;4872;4414;636;S;31105708;1222827702839168;48;0;111;29.01.23 17:20:15;1;283;29.01.23 17:10:00;;4413;;1;;;;;1716035042;19;;1;;;;;;;;
29.01.23 17:10:13;34747;4271;26;204;73;277;4829;636;S;43650587;14656061875363046;28;0;0;29.01.23 17:22:10;1;283;29.01.23 17:10:00;;4430;;;;;;;1716038748;1;;1;;;;;;;;
29.01.23 17:10:13;36090;3942;438;210;73;518;4793;636;S;3093457288;14658265854845702;746;0;0;29.01.23 17:20:14;1;;;;;;;;;;;1716034976;0;;1;;;;;;;;
29.01.23 17:10:13;45226;18165;447;210;73;938;4414;636;S;39673450;1307817992064914;87;0;212;29.01.23 17:20:10;1;42;29.01.23 16:11:00;;4413;;1;;;;;1716031731;7;;;;;;;;;;
29.01.23 17:10:13;45254;13937;447;210;73;938;4829;636;S;15873089;1272558580748416;62;0;0;29.01.23 17:20:11;1;283;29.01.23 17:10:00;;4430;;;;;;;1716032495;33;;1;;;;;;;;
29.01.23 17:10:13;45525;24921;439;203;73;8532;4793;636;S;1683057800;1550675929985024;976;0;0;29.01.23 17:20:13;1;;;;;;;;;;;1716033845;0;;1;;;;;;;;
29.01.23 17:10:13;45543;22558;439;214;73;8729;4959;636;S;2655290248;1561952016195840;47;0;0;29.01.23 17:22:13;1;283;29.01.23 17:10:00;;4656;;;;;;;1716040769;17;;2;;;;;;;;
29.01.23 17:10:13;45993;19755;447;210;73;938;4793;636;S;3105756040;14658265850322694;121;0;0;29.01.23 17:20:11;1;;;;;;;;;;;1716032307;0;;1;;;;;;;;
29.01.23 17:10:14;36078;12295;35;218;73;3023;4829;636;S;20544395;1172637918447744;42;0;0;29.01.23 17:20:08;1;283;29.01.23 17:10:00;;4430;;;;;;;1716031458;15;;1;;;;;;;;
29.01.23 17:10:14;50569;24944;427;207;73;3970;4793;636;S;2224519304;1564047849054464;4;0;0;29.01.23 17:22:14;1;;;;;;;;;;;1716041815;0;;1;;;;;;;;
29.01.23 17:10:15;6290;51259;458;214;73;3160;4973;636;S;43510992;14656062268778726;69;0;0;29.01.23 17:20:13;1;283;29.01.23 17:10:00;;4693;;;;;;;1716034059;1;;1;;;;;;;;
29.01.23 17:10:15;14100;28407;443;212;73;9098;4820;636;S;3911582008;2420508508;0;0;0;29.01.23 17:20:10;1;;29.01.23 17:10:15;8FFC7AF54544D47C06847EE5D30FAE7C254405E0D2861173956FB065F5BBCA7D;;;1;61;;;;1716031624;0;;;;;29.01.23 17:10:15;;14100290120231710159ad438979v102;;0;0
29.01.23 17:10:15;17378;63461;436;207;73;955;4833;636;S;23664824;1195398694979712;56;0;0;29.01.23 17:22:09;1;283;29.01.23 17:10:00;;4430;;;;;;;1716037781;1;;1;;;;;;;;
29.01.23 17:10:15;45550;23867;1749;204;73;8679;4850;636;S;39040568;1285421478343810;822;0;0;29.01.23 17:20:11;1;;;;4693;;;;;;;1716032508;0;;1;;;;;;;;
29.01.23 17:10:16;4702;14906;453;206;73;4872;4414;636;S;42534043;14658270552673542;102;0;87;29.01.23 17:20:15;1;641;29.01.23 16:27:00;;4413;;1;;;;;1716035643;16;;;;;;;;;;
29.01.23 17:10:16;34776;26420;438;801;73;7193;4820;636;S;3911582048;3771638665;0;0;0;29.01.23 17:20:11;1;;29.01.23 17:10:16;44671D492416EBB57542532D6A48B3F1AFBD556C287C9E2A93A54FEB157764B1;;;1;61;;;;1716032336;0;;;;;29.01.23 17:10:16;;3477629012023171016b430228aev103;;0;0
29.01.23 17:10:16;45007;19044;447;210;73;938;4793;636;S;3057948552;14663024955933222;473;0;0;29.01.23 17:20:08;1;;;;;;;;;;;1716031199;0;;1;;;;;;;;
29.01.23 17:10:16;45397;14783;439;214;73;8729;4820;636;S;3902563033;3847406741;0;0;0;29.01.23 17:20:13;1;;29.01.23 17:10:16;B884551357D83C7FBC084B812FD4FDB88D913187E025432FA18A692A1A5D1C9A;;;1;61;;;;1716034161;0;;;;;29.01.23 17:10:16;;4539729012023171016a3960c11cv104;;0;0
29.01.23 17:10:16;45543;22559;439;214;73;8729;4414;636;S;22311879;1243063036697728;122;0;355;29.01.23 17:22:13;1;42;29.01.23 15:47:00;;4413;;1;;;;;1716040769;27;;;;;;;;;;
29.01.23 17:10:16;45591;25800;439;214;73;8729;4975;636;S;3951809122;1184578060374400;19;0;0;29.01.23 17:22:12;1;283;29.01.23 17:10:00;;4694;;;;;;;1716040372;26;;1;;;;;;;;
29.01.23 17:10:17;4700;38361;453;206;73;4872;4414;636;S;37222488;1231056182735490;90;0;167,49;29.01.23 17:20:15;1;283;29.01.23 17:10:00;;4413;;1;;;;;1716035042;60;;1;;;;;;;;
29.01.23 17:10:17;6363;45245;451;204;73;754;4989;636;S;2320010661;1560159805796608;32;0;0;29.01.23 17:20:11;1;283;29.01.23 17:10:00;;1513;;;;;;;1716032141;14;;2;;;;;;;;
29.01.23 17:10:17;6523;29932;454;109;73;1642;4973;636;S;25200607;1274760562172288;38;0;0;29.01.23 17:20:15;1;283;29.01.23 17:10:00;;4693;;;;;;;1716035194;1;;1;;;;;;;;
29.01.23 17:10:17;7225;33523;458;214;73;3160;4793;636;S;2165051528;1563163053285632;482;0;0;29.01.23 17:20:11;1;;;;;;;;;;;1716032589;0;;1;;;;;;;;
29.01.23 17:10:17;34537;23670;429;201;73;7359;4793;636;S;2975050120;1554889181561088;54;0;0;29.01.23 17:20:14;1;;;;;;;;;;;1716034584;0;;1;;;;;;;;
29.01.23 17:10:17;36642;25362;35;219;73;584;4975;636;S;29438329;1212803919667072;58;0;0;29.01.23 17:22:08;1;283;29.01.23 17:10:00;;4693;;;;;;;1716037453;1;;1;;;;;;;;
29.01.23 17:10:17;45105;10192;460;201;73;925;4973;636;S;44316839;14658728374267430;69;0;0;29.01.23 17:20:08;1;283;29.01.23 17:10:00;;4693;;;;;;;1716031132;1;;1;;;;;;;;
29.01.23 17:10:17;45230;54736;447;204;73;8891;4820;636;S;3906978283;3944847679;0;0;0;29.01.23 17:20:10;1;;29.01.23 17:10:17;DFB7EC5D05F1B4A7C7DC8FA2008EB0EAE530148091B2DA4E74871FDE9699DC4F;;;1;61;;;;1716032015;0;;;;;29.01.23 17:10:17;;45230290120231710175ff071619v103;;0;0
29.01.23 17:10:17;45993;19756;447;210;73;938;4414;636;S;16733542;1176870745953664;74;0;1143,78;29.01.23 17:20:11;1;42;29.01.23 16:46:00;;4413;;1;;;;;1716032307;71;;;;;;;;;;
29.01.23 17:10:17;50420;2914;436;204;73;1130;4793;636;S;2758705032;1556693902483712;280;0;0;29.01.23 17:22:11;1;;;;;;;;;;;1716039065;0;;1;;;;;;;;
29.01.23 17:10:18;17504;34728;436;209;73;5164;4414;636;S;40996577;1268021351026834;17;0;53;29.01.23 17:22:12;1;462;29.01.23 16:58:00;;4413;;1;;;;;1716040265;43;;;;;;;;;;
29.01.23 17:10:18;45007;19045;447;210;73;938;4793;636;S;3158887560;14658268538386694;10;0;0;29.01.23 17:20:08;1;;;;;;;;;;;1716031199;0;;1;;;;;;;;
29.01.23 17:10:18;45254;13938;447;210;73;938;4414;636;S;25730975;1255933431934080;82;0;151;29.01.23 17:20:11;1;42;29.01.23 16:35:00;;4413;;1;;;;;1716032495;32;;;;;;;;;;
29.01.23 17:10:18;45993;19757;447;210;73;938;4414;636;S;44411921;14658728108143910;6;0;75;29.01.23 17:20:11;1;42;29.01.23 16:24:00;;4413;;1;;;;;1716032307;1;;;;;;;;;;
29.01.23 17:10:19;4702;14907;453;206;73;4872;4414;636;S;10264715;1273395837289600;43;0;50,52;29.01.23 17:20:15;1;283;29.01.23 17:10:00;;4413;;1;;;;;1716035643;146;;1;;;;;;;;
29.01.23 17:10:19;34532;5452;460;201;73;925;4829;636;S;27406774;1297683879322240;27;0;0;29.01.23 17:22:14;1;283;29.01.23 17:10:00;;4430;;;;;;;1716041468;35;;1;;;;;;;;
29.01.23 17:10:19;49501;24069;26;204;73;277;4829;636;S;37260438;1180285374329474;54;0;0;29.01.23 17:22:07;1;283;29.01.23 17:10:00;;4430;;;;;;;1716037165;9;;1;;;;;;;;
29.01.23 17:10:20;46505;6436;461;207;73;6006;4973;636;S;12084897;1205302350664064;14;0;0;29.01.23 17:20:17;1;283;29.01.23 17:10:00;;4693;;;;;;;1716036567;23;;1;;;;;;;;
29.01.23 17:10:20;49653;3953;26;204;73;277;4957;636;S;3209315976;14658270151613702;8;0;0;29.01.23 17:22:11;1;283;29.01.23 17:10:00;;4656;;;;;;;1716039257;5;;2;;;;;;;;
29.01.23 17:10:21;936;59124;453;209;73;886;4793;636;S;3036025224;1551140665123328;50;0;0;29.01.23 17:20:15;1;;;;;;;;;;;1716035140;0;;1;;;;;;;;
29.01.23 17:10:21;4988;62420;453;202;73;677;4953;636;S;1774865544;1560719929114880;4;0;0;29.01.23 17:20:16;1;283;29.01.23 17:10:00;;4665;;;;;;;1716035974;14;;1;;;;;;;;
29.01.23 17:10:21;34776;26421;438;801;73;7193;4793;636;S;2541476488;1548259891597568;555;0;0;29.01.23 17:20:11;1;;;;;;;;;;;1716032336;0;;1;;;;;;;;
29.01.23 17:10:21;36733;8603;461;211;73;2382;4973;636;S;24135640;1273738765950336;45;0;0;29.01.23 17:20:08;2;283;29.01.23 17:10:00;;4693;;;;;;;1716031567;5;;1;;;;;;;;
29.01.23 17:10:21;45044;23392;461;211;73;2382;4973;636;S;23103273;1260238078238336;67;0;0;29.01.23 17:20:16;2;283;29.01.23 17:10:00;;4693;;;;;;;1716035720;8;;1;;;;;;;;
29.01.23 17:10:21;45226;18166;447;210;73;938;4414;636;S;3981255084;1255087327436672;26;0;6,89;29.01.23 17:20:10;1;283;29.01.23 17:10:00;;4423;;1;;;;;1716031731;163;;1;;;;;;;;
29.01.23 17:10:22;4804;40486;453;202;73;677;4829;636;S;16354415;1270139987252608;92;0;0;29.01.23 17:20:14;1;283;29.01.23 17:10:00;;4430;;;;;;;1716034411;32;;1;;;;;;;;
29.01.23 17:10:22;7241;17637;453;202;73;677;4829;636;S;3951354017;1187749350755712;24;0;0;29.01.23 17:20:15;1;283;29.01.23 17:10:00;;4474;;;;;;;1716035085;65;;1;;;;;;;;
29.01.23 17:10:22;7242;28431;458;217;73;5717;4831;636;S;17147678;1175828679513472;35;0;0;29.01.23 17:20:13;1;283;29.01.23 17:10:00;;4430;;;;;;;1716034151;22;;2;;;;;;;;
29.01.23 17:10:22;7247;59432;458;214;73;3160;4829;636;S;39218131;1140742416725378;82;0;0;29.01.23 17:20:10;1;283;29.01.23 17:10:00;;4430;;;;;;;1716031879;12;;1;;;;;;;;
29.01.23 17:10:22;19264;62758;436;207;73;955;4831;636;S;42787414;14658267069561862;86;0;0;29.01.23 17:20:13;1;283;29.01.23 17:10:00;;4430;;;;;;;1716034245;1;;1;;;;;;;;
29.01.23 17:10:22;45007;19046;447;210;73;938;4414;636;S;42468942;14658269612379654;20;0;139;29.01.23 17:20:08;1;42;29.01.23 16:21:00;;4413;;1;;;;;1716031199;2;;;;;;;;;;
29.01.23 17:10:22;45254;13939;447;210;73;938;4414;636;S;836335;1261535415315840;87;0;65;29.01.23 17:20:11;1;42;29.01.23 16:42:00;;4413;;1;;;;;1716032495;195;;;;;;;;;;
29.01.23 17:10:22;49653;3954;26;204;73;277;4793;636;S;2988409992;1564339451789568;4056;0;0;29.01.23 17:22:11;1;;;;;;;;;;;1716039257;0;;1;;;;;;;;
29.01.23 17:10:23;4700;38362;453;206;73;4872;4820;636;S;3911549838;1404092576;0;0;0;29.01.23 17:20:15;1;;29.01.23 17:10:23;80D43336BFB949407115A88DF88BE370BB30E2D324E4C10F36357A3197D287FD;;;1;61;;;;1716035042;0;;;;;29.01.23 17:10:23;;4700290120231710236a2b3551bfv104;;0;0
29.01.23 17:10:23;18689;35070;7304;217;73;340;4793;636;S;2635247752;1558442507821312;667;0;0;29.01.23 17:22:10;1;;;;;;;;;;;1716038724;0;;1;;;;;;;;
29.01.23 17:10:23;34537;23671;429;201;73;7359;4793;636;S;2746090888;1553698742329600;18;0;0;29.01.23 17:20:14;1;;;;;;;;;;;1716034584;0;;1;;;;;;;;
29.01.23 17:10:24;4988;62421;453;202;73;677;4829;636;S;41577195;14658266400076038;36;0;0;29.01.23 17:20:16;1;283;29.01.23 17:10:00;;4430;;;;;;;1716035974;6;;1;;;;;;;;
29.01.23 17:10:24;7242;28432;458;217;73;5717;4967;636;S;3189358216;14658268267487750;89;0;0;29.01.23 17:20:13;1;283;29.01.23 17:10:00;;4672;;;;;;;1716034151;2;;1;;;;;;;;
29.01.23 17:10:24;36034;23629;460;201;73;925;4414;636;S;29002177;1264532500931200;25;0;239,89;29.01.23 17:20:11;1;283;29.01.23 17:10:00;;4413;;1;;;;;1716032759;55;;1;;;;;;;;
29.01.23 17:10:24;45739;21878;439;210;73;8507;4793;636;S;2473675656;1565017907966208;2633;0;0;29.01.23 17:20:11;1;;;;;;;;;;;1716032355;0;;1;;;;;;;;
29.01.23 17:10:24;49592;8189;433;204;73;2128;4793;636;S;1563991688;1552250679443456;365;0;0;29.01.23 17:22:15;1;;;;;;;;;;;1716042021;0;;1;;;;;;;;
29.01.23 17:10:25;4804;40487;453;202;73;677;4414;636;S;8607889;1184680732150656;56;0;612;29.01.23 17:20:14;1;42;29.01.23 17:02:00;;4413;;1;;;;;1716034411;8;;;;;;;;;;
